order_id,customer_id,order_date,status,region_code
1,413,2023-12-06 18:43:08,SHIPPED,SOUTH
2,290,2023-10-27 17:36:13,PLACED,SOUTH
3,119,2023-05-09 09:37:29,PLACED,SOUTH
4,406,2025-01-09 14:07:48,CANCELLED,NORTH
5,,2024-10-25 03:45:29,RETURNED,EAST
6,135,2023-12-23 13:42:49,DELIVERED,NORTH
7,193,2024-04-01 18:48:01,DELIVERED,WEST
8,455,2023-01-14 18:16:16,CANCELLED,SOUTH
9,264,2024-07-29 07:42:03,SHIPPED,EAST
10,419,2023-08-31 08:23:11,DELIVERED,NORTH
11,246,2025-09-08 07:40:17,CANCELLED,NORTH
12,66,2023-11-26 04:54:18,PLACED,SOUTH
13,133,2024-01-04 18:48:37,RETURNED,NORTH
14,373,2024-08-03 03:07:19,RETURNED,WEST
15,88,2024-03-25 14:57:20,RETURNED,SOUTH
16,262,2024-06-25 06:06:23,DELIVERED,WEST
17,36,2024-04-15 13:46:12,PLACED,NORTH
18,441,2025-10-29 15:17:03,RETURNED,NORTH
19,462,2023-03-21 19:20:55,PLACED,NORTH
20,67,2023-01-03 23:38:16,CANCELLED,EAST
21,358,2025-12-21 15:37:04,CANCELLED,WEST
22,412,2023-07-20 15:29:29,CANCELLED,SOUTH
23,43,2024-08-03 21:46:59,CANCELLED,EAST
24,364,2023-01-15 21:02:37,RETURNED,NORTH
25,106,2024-10-08 14:53:08,SHIPPED,WEST
26,130,2024-06-19 19:31:08,DELIVERED,EAST
27,204,2024-02-22 15:02:42,RETURNED,WEST
28,287,2025-09-17 09:14:23,RETURNED,EAST
29,204,2023-10-10 04:20:08,CANCELLED,SOUTH
30,261,2025-03-31 12:19:19,RETURNED,NORTH
31,494,2023-01-11 03:18:59,CANCELLED,WEST
32,135,30-03-2024,PLACED,WEST
33,206,2025-12-03 10:25:48,RETURNED,NORTH
34,420,2023-12-25 23:18:44,PLACED,SOUTH
35,477,2025-11-27 10:24:47,RETURNED,SOUTH
36,346,2023-03-15 13:05:51,PLACED,SOUTH
37,142,2025-03-29 12:51:25,CANCELLED,SOUTH
38,378,2023-05-21 03:16:58,RETURNED,EAST
39,418,2024-07-20 08:14:21,SHIPPED,WEST
40,295,2023-01-10 09:30:23,RETURNED,NORTH
41,258,2024-08-25 12:22:40,RETURNED,EAST
42,417,2024-05-27 16:07:14,RETURNED,WEST
43,388,2024-11-26 16:42:22,RETURNED,NORTH
44,133,2023-05-19 13:55:57,SHIPPED,SOUTH
45,212,2024-12-24 18:48:19,DELIVERED,SOUTH
46,205,2024-12-01 02:46:05,SHIPPED,WEST
47,112,2024-07-05 06:39:17,SHIPPED,WEST
48,121,2024-05-10 09:39:47,SHIPPED,SOUTH
49,183,2023-11-16 03:53:03,PLACED,WEST
50,392,2023-03-28 17:33:34,DELIVERED,WEST
51,452,2024-07-16 17:52:10,RETURNED,EAST
52,385,2023-09-20 01:58:17,CANCELLED,WEST
53,17,2025-10-26 12:38:39,SHIPPED,WEST
54,358,2025-11-27 16:45:02,PLACED,NORTH
55,195,2023-07-26 11:50:55,DELIVERED,SOUTH
56,122,2024-07-05 17:09:40,DELIVERED,EAST
57,218,2024-03-07 15:15:31,DELIVERED,EAST
58,144,2025-07-12 06:32:58,RETURNED,SOUTH
59,370,2024-07-06 08:35:07,CANCELLED,SOUTH
60,492,2023-11-03 17:13:15,SHIPPED,WEST
61,458,2025-11-24 19:26:30,CANCELLED,EAST
62,440,08-04-2023,SHIPPED,NORTH
63,131,02-09-2025,DELIVERED,EAST
64,287,11-06-2024,PLACED,EAST
65,494,2024-02-12 21:00:09,RETURNED,SOUTH
66,146,2024-12-28 11:50:10,CANCELLED,WEST
67,196,2024-08-09 16:53:04,SHIPPED,SOUTH
68,476,2024-11-21 15:21:28,RETURNED,WEST
69,37,2023-06-12 05:53:53,DELIVERED,EAST
70,364,2024-07-01 22:02:29,DELIVERED,WEST
71,481,2025-01-13 21:22:08,CANCELLED,WEST
72,438,2023-02-17 04:33:09,DELIVERED,NORTH
73,204,30-07-2023,CANCELLED,NORTH
74,,2025-03-24 19:04:39,PLACED,NORTH
75,80,2023-06-22 23:50:30,CANCELLED,EAST
76,378,2024-08-04 16:08:05,SHIPPED,SOUTH
77,,2024-12-31 11:50:24,CANCELLED,EAST
78,70,2023-12-29 21:30:41,RETURNED,WEST
79,328,2025-12-29 11:16:27,CANCELLED,SOUTH
80,227,2024-09-22 13:19:03,SHIPPED,EAST
81,,2025-12-07 04:57:45,CANCELLED,NORTH
82,252,04-09-2025,CANCELLED,EAST
83,408,2023-01-15 19:57:35,CANCELLED,WEST
84,84,2025-03-09 13:46:32,PLACED,WEST
85,265,2024-07-10 10:21:53,RETURNED,EAST
86,437,2023-05-21 06:38:28,PLACED,WEST
87,140,2025-10-04 06:50:13,SHIPPED,NORTH
88,12,2024-01-16 03:43:25,SHIPPED,WEST
89,120,04-07-2023,SHIPPED,EAST
90,403,2025-10-17 13:31:19,PLACED,EAST
91,385,2023-10-27 02:02:25,CANCELLED,NORTH
92,93,2024-01-29 09:06:18,PLACED,NORTH
93,366,2024-05-24 14:00:36,CANCELLED,SOUTH
94,18,2024-02-12 16:46:42,PLACED,SOUTH
95,349,2024-10-01 11:45:44,PLACED,NORTH
96,327,2024-09-03 07:14:07,PLACED,SOUTH
97,121,08-06-2025,DELIVERED,NORTH
98,125,2023-01-19 01:31:44,CANCELLED,SOUTH
99,46,2024-05-24 05:44:29,RETURNED,EAST
100,389,2023-05-03 02:10:34,SHIPPED,NORTH
101,120,2024-10-10 20:19:44,DELIVERED,WEST
102,11,2025-02-12 13:02:25,DELIVERED,NORTH
103,225,2024-08-26 19:45:37,SHIPPED,SOUTH
104,166,2025-08-17 10:01:27,RETURNED,SOUTH
105,80,2025-07-09 10:45:54,RETURNED,EAST
106,398,2025-11-02 13:48:01,PLACED,EAST
107,123,2024-10-18 02:18:22,RETURNED,WEST
108,350,2025-10-15 20:04:41,DELIVERED,EAST
109,165,2023-08-15 03:30:16,PLACED,NORTH
110,67,2024-01-01 01:08:19,CANCELLED,SOUTH
111,293,2025-03-06 23:57:15,RETURNED,EAST
112,,2024-03-28 22:03:43,PLACED,SOUTH
113,476,2023-06-13 17:02:29,PLACED,EAST
114,481,2025-05-01 13:26:14,PLACED,EAST
115,376,25-05-2023,SHIPPED,NORTH
116,119,2025-12-24 14:01:46,RETURNED,SOUTH
117,486,2024-01-02 20:19:53,CANCELLED,NORTH
118,296,2025-01-03 16:42:05,CANCELLED,NORTH
119,93,2025-04-02 18:22:31,SHIPPED,WEST
120,463,2024-10-07 20:01:40,DELIVERED,EAST
121,325,2025-05-31 11:46:35,RETURNED,SOUTH
122,282,2024-06-04 13:06:27,CANCELLED,WEST
123,,2023-03-12 10:21:27,RETURNED,SOUTH
124,155,2023-01-14 10:56:05,SHIPPED,EAST
125,,2024-07-19 20:09:29,RETURNED,SOUTH
126,236,2024-12-29 05:41:01,DELIVERED,SOUTH
127,416,2024-09-07 03:20:46,RETURNED,SOUTH
128,371,2024-10-26 17:34:06,RETURNED,NORTH
129,154,2023-03-18 20:58:54,PLACED,EAST
130,419,2025-06-08 15:09:54,PLACED,SOUTH
131,435,2023-01-24 23:04:44,CANCELLED,NORTH
132,22,2024-10-15 19:39:29,DELIVERED,SOUTH
133,345,2025-03-15 16:13:27,RETURNED,NORTH
134,149,2025-03-18 05:23:20,PLACED,WEST
135,26,28-03-2025,RETURNED,WEST
136,67,2023-10-04 17:30:35,CANCELLED,WEST
137,101,2025-12-09 08:57:55,DELIVERED,WEST
138,474,2023-07-03 04:05:49,CANCELLED,EAST
139,165,2024-12-06 21:37:20,DELIVERED,SOUTH
140,316,2025-06-24 22:41:21,PLACED,SOUTH
141,192,2023-11-16 03:07:27,PLACED,SOUTH
142,475,30-10-2023,PLACED,EAST
143,12,2024-11-10 07:36:35,SHIPPED,SOUTH
144,385,2024-06-13 19:58:52,SHIPPED,NORTH
145,464,2025-12-14 01:34:59,PLACED,EAST
146,357,2024-07-09 01:55:57,PLACED,NORTH
147,139,07-01-2025,CANCELLED,SOUTH
148,261,2023-07-23 11:29:07,RETURNED,NORTH
149,257,2025-07-26 20:24:50,PLACED,NORTH
150,272,2024-09-16 12:08:41,SHIPPED,NORTH
151,181,2024-12-28 22:45:50,RETURNED,EAST
152,321,2024-06-11 14:05:47,PLACED,EAST
153,175,2025-03-15 23:55:05,CANCELLED,SOUTH
154,294,2023-11-09 15:31:37,RETURNED,EAST
155,68,2024-02-28 23:45:20,RETURNED,SOUTH
156,159,2025-12-08 04:55:27,SHIPPED,SOUTH
157,286,2025-12-27 04:18:37,SHIPPED,NORTH
158,451,2025-04-27 14:58:23,DELIVERED,SOUTH
159,55,27-09-2023,RETURNED,EAST
160,314,2024-04-17 21:42:46,PLACED,EAST
161,400,2025-09-03 04:52:55,RETURNED,WEST
162,192,2024-01-12 14:06:25,SHIPPED,SOUTH
163,17,2025-04-16 00:32:47,CANCELLED,SOUTH
164,104,2024-02-23 02:24:28,CANCELLED,WEST
165,444,2025-07-26 08:59:06,PLACED,WEST
166,202,2025-12-11 23:21:08,PLACED,NORTH
167,424,2023-03-28 08:56:47,CANCELLED,NORTH
168,265,2023-04-11 06:54:44,CANCELLED,EAST
169,147,2025-08-02 06:03:41,RETURNED,NORTH
170,463,2023-10-19 16:52:42,CANCELLED,NORTH
171,58,2024-01-04 21:18:55,RETURNED,SOUTH
172,166,2025-07-12 00:54:25,RETURNED,SOUTH
173,47,2024-05-27 11:47:57,SHIPPED,NORTH
174,362,2025-07-09 23:05:09,RETURNED,WEST
175,500,2025-11-13 22:17:05,CANCELLED,WEST
176,,2023-12-16 12:12:14,SHIPPED,SOUTH
177,92,2023-04-16 15:16:35,CANCELLED,EAST
178,61,27-09-2023,DELIVERED,NORTH
179,438,2025-10-18 19:47:17,RETURNED,WEST
180,302,2025-09-01 16:31:12,PLACED,NORTH
181,281,2024-07-23 22:33:53,SHIPPED,NORTH
182,29,2024-12-15 01:20:13,PLACED,EAST
183,45,2023-04-11 03:57:52,SHIPPED,SOUTH
184,313,2023-12-30 16:34:42,DELIVERED,NORTH
185,154,2024-10-23 13:25:09,PLACED,WEST
186,34,2024-08-22 17:08:30,DELIVERED,EAST
187,269,2024-03-05 07:36:40,PLACED,NORTH
188,353,2024-08-11 15:32:54,DELIVERED,EAST
189,320,2024-12-25 04:43:21,CANCELLED,WEST
190,93,2024-04-21 10:34:34,PLACED,NORTH
191,,2023-08-30 07:32:55,CANCELLED,WEST
192,,2024-12-17 20:24:14,SHIPPED,NORTH
193,354,2024-07-30 09:15:47,DELIVERED,EAST
194,166,2023-01-13 04:08:40,DELIVERED,WEST
195,316,2023-03-01 06:23:40,DELIVERED,WEST
196,409,2023-03-14 23:30:26,SHIPPED,WEST
197,275,2024-11-17 16:50:16,CANCELLED,NORTH
198,154,2024-10-08 20:12:48,SHIPPED,EAST
199,455,2024-12-25 02:24:38,DELIVERED,NORTH
200,193,2025-12-30 06:02:33,CANCELLED,SOUTH
201,443,2024-09-23 11:27:02,DELIVERED,WEST
202,450,2024-05-01 13:31:44,DELIVERED,SOUTH
203,90,2023-08-18 13:37:29,SHIPPED,NORTH
204,13,2025-09-15 18:12:23,DELIVERED,WEST
205,269,2024-09-27 11:55:04,PLACED,SOUTH
206,19,2025-07-29 14:06:41,RETURNED,NORTH
207,,2023-04-01 21:38:14,DELIVERED,WEST
208,53,2025-12-02 23:59:34,PLACED,EAST
209,108,2024-10-19 07:18:07,DELIVERED,EAST
210,344,2023-08-29 09:55:37,DELIVERED,NORTH
211,,2025-11-18 03:43:38,DELIVERED,EAST
212,483,2024-08-03 20:54:06,PLACED,EAST
213,174,2025-06-27 01:50:48,CANCELLED,NORTH
214,28,2023-06-26 15:31:37,RETURNED,WEST
215,160,2024-11-11 07:12:51,RETURNED,NORTH
216,387,2025-08-11 20:40:21,CANCELLED,NORTH
217,351,2025-08-11 17:07:55,SHIPPED,SOUTH
218,316,2024-06-12 13:13:58,DELIVERED,EAST
219,16,2023-05-14 17:18:23,CANCELLED,WEST
220,145,2024-12-14 22:00:25,RETURNED,NORTH
221,366,2023-08-08 11:51:52,PLACED,EAST
222,206,2025-04-26 08:41:10,RETURNED,SOUTH
223,197,2023-05-16 12:24:18,RETURNED,WEST
224,223,2024-12-01 19:49:32,SHIPPED,NORTH
225,365,2025-09-23 04:09:44,CANCELLED,EAST
226,421,2025-06-30 06:24:51,CANCELLED,NORTH
227,351,2025-02-15 11:55:14,PLACED,NORTH
228,72,2023-01-01 05:20:31,CANCELLED,EAST
229,296,2025-07-04 07:07:26,DELIVERED,EAST
230,468,2024-09-15 15:49:40,DELIVERED,NORTH
231,314,2025-11-11 14:42:58,DELIVERED,NORTH
232,282,2023-04-19 00:01:50,DELIVERED,NORTH
233,444,2023-03-05 08:33:53,RETURNED,WEST
234,365,2025-02-22 14:46:59,RETURNED,SOUTH
235,244,2023-10-12 06:51:11,DELIVERED,WEST
236,447,15-09-2023,PLACED,SOUTH
237,250,13-06-2025,CANCELLED,WEST
238,357,2025-05-21 22:41:30,RETURNED,WEST
239,231,2025-02-26 12:56:10,CANCELLED,NORTH
240,434,2024-04-29 18:16:02,RETURNED,EAST
241,,2023-03-19 20:41:08,DELIVERED,NORTH
242,493,2023-06-13 05:10:23,RETURNED,EAST
243,41,07-12-2025,CANCELLED,NORTH
244,277,01-10-2024,DELIVERED,NORTH
245,263,2025-08-18 20:53:50,CANCELLED,EAST
246,409,2024-08-26 10:31:47,RETURNED,EAST
247,289,2024-06-17 02:14:10,RETURNED,SOUTH
248,337,20-08-2024,CANCELLED,NORTH
249,40,2024-07-23 09:10:36,DELIVERED,EAST
250,8,2023-08-17 21:59:04,RETURNED,SOUTH
251,190,2023-12-26 09:30:42,SHIPPED,WEST
252,271,2023-03-09 12:28:57,SHIPPED,SOUTH
253,386,2025-04-25 13:57:02,CANCELLED,SOUTH
254,376,2024-12-07 01:58:40,PLACED,NORTH
255,205,2025-09-02 10:58:20,RETURNED,SOUTH
256,362,2025-03-09 17:16:45,RETURNED,WEST
257,,2025-07-08 13:54:30,RETURNED,NORTH
258,273,2024-12-25 15:43:15,DELIVERED,EAST
259,411,2023-07-21 09:17:48,CANCELLED,WEST
260,384,2024-05-10 21:26:05,RETURNED,EAST
261,93,03-10-2024,PLACED,NORTH
262,,2023-07-20 19:07:27,CANCELLED,EAST
263,146,30-05-2024,RETURNED,NORTH
264,305,2024-03-20 21:49:22,PLACED,NORTH
265,67,2025-02-08 23:53:54,RETURNED,SOUTH
266,357,2024-01-13 09:13:25,PLACED,WEST
267,142,2025-05-24 11:46:29,PLACED,EAST
268,196,2025-03-06 12:06:41,DELIVERED,EAST
269,36,2025-10-04 07:18:22,SHIPPED,WEST
270,277,2025-06-02 07:57:04,PLACED,WEST
271,53,13-03-2023,DELIVERED,WEST
272,,2025-10-16 05:25:10,PLACED,NORTH
273,137,2023-11-07 12:00:31,RETURNED,NORTH
274,482,2025-10-01 17:24:30,PLACED,SOUTH
275,,2025-09-14 04:24:46,DELIVERED,EAST
276,206,2023-04-24 23:01:13,PLACED,EAST
277,492,2024-11-27 02:55:45,DELIVERED,SOUTH
278,21,2025-02-25 06:57:15,CANCELLED,NORTH
279,184,2025-09-23 03:05:23,CANCELLED,SOUTH
280,99,2023-02-21 21:35:18,CANCELLED,NORTH
281,330,2024-09-22 18:11:34,CANCELLED,NORTH
282,,2023-04-25 12:17:45,PLACED,WEST
283,414,2025-12-07 16:41:19,RETURNED,SOUTH
284,120,2023-05-28 01:20:33,CANCELLED,NORTH
285,471,2023-04-04 08:50:08,SHIPPED,NORTH
286,26,2024-09-21 03:32:32,SHIPPED,NORTH
287,55,2023-08-22 18:06:01,RETURNED,SOUTH
288,104,2025-05-22 12:16:56,CANCELLED,EAST
289,351,2023-10-09 11:42:31,SHIPPED,NORTH
290,172,2023-05-10 04:23:46,CANCELLED,SOUTH
291,284,2023-12-04 15:58:16,RETURNED,NORTH
292,406,09-02-2025,CANCELLED,NORTH
293,,2024-01-03 03:14:43,RETURNED,EAST
294,414,2025-09-01 04:37:12,DELIVERED,WEST
295,481,2023-12-24 22:13:44,RETURNED,SOUTH
296,314,2023-06-30 22:50:07,DELIVERED,EAST
297,286,2024-04-27 06:59:13,RETURNED,NORTH
298,442,2025-11-05 07:59:00,SHIPPED,EAST
299,58,2023-11-02 17:16:22,SHIPPED,NORTH
300,187,2024-08-06 07:37:51,DELIVERED,WEST
301,,2023-04-18 19:33:52,PLACED,WEST
302,37,2024-04-26 16:11:43,DELIVERED,WEST
303,347,2024-10-29 08:22:34,DELIVERED,SOUTH
304,378,2025-04-24 07:16:48,SHIPPED,NORTH
305,249,2023-04-22 15:52:09,RETURNED,WEST
306,192,2023-10-07 16:39:56,DELIVERED,EAST
307,66,07-03-2023,SHIPPED,NORTH
308,235,2025-05-06 06:13:59,SHIPPED,EAST
309,405,2023-12-15 21:02:55,SHIPPED,NORTH
310,268,2025-09-28 07:52:49,CANCELLED,EAST
311,,2025-05-26 08:58:49,CANCELLED,SOUTH
312,303,2023-11-02 20:53:16,CANCELLED,NORTH
313,,21-08-2025,RETURNED,WEST
314,409,2023-07-20 16:28:22,PLACED,NORTH
315,209,2024-03-22 04:49:54,SHIPPED,NORTH
316,,2024-09-16 05:53:27,RETURNED,NORTH
317,238,2023-10-11 14:45:31,DELIVERED,WEST
318,1,2023-05-25 14:00:46,DELIVERED,NORTH
319,386,2024-07-06 22:18:01,SHIPPED,NORTH
320,172,2023-04-23 18:44:27,DELIVERED,NORTH
321,188,11-08-2025,DELIVERED,SOUTH
322,361,2023-05-18 20:24:59,SHIPPED,SOUTH
323,123,2023-08-21 23:37:50,RETURNED,SOUTH
324,390,2024-04-06 11:40:03,DELIVERED,WEST
325,33,2025-02-02 12:34:09,RETURNED,NORTH
326,273,2025-12-27 10:38:27,DELIVERED,NORTH
327,453,26-07-2025,SHIPPED,EAST
328,40,2023-08-12 05:59:56,SHIPPED,WEST
329,105,02-12-2025,CANCELLED,SOUTH
330,216,28-06-2025,SHIPPED,NORTH
331,,2024-04-20 18:55:07,CANCELLED,EAST
332,403,2024-10-30 17:42:00,RETURNED,WEST
333,291,2023-09-28 11:09:32,DELIVERED,SOUTH
334,498,2024-08-13 01:43:22,DELIVERED,WEST
335,317,2023-11-26 19:29:25,SHIPPED,SOUTH
336,60,2023-03-26 11:31:40,CANCELLED,EAST
337,106,2023-03-13 11:32:22,SHIPPED,EAST
338,500,2023-11-29 19:25:45,PLACED,WEST
339,394,2023-10-25 16:40:36,SHIPPED,NORTH
340,280,2025-11-05 12:03:41,DELIVERED,WEST
341,497,2023-10-29 20:34:46,CANCELLED,EAST
342,375,2025-09-07 01:27:33,RETURNED,NORTH
343,206,2024-03-27 16:14:14,DELIVERED,NORTH
344,100,2025-12-14 08:05:16,DELIVERED,SOUTH
345,,2025-07-01 03:10:52,CANCELLED,SOUTH
346,309,2025-11-13 02:02:26,DELIVERED,WEST
347,438,2025-05-25 13:27:28,PLACED,EAST
348,158,01-07-2025,CANCELLED,WEST
349,148,2023-12-02 15:25:52,CANCELLED,SOUTH
350,307,2023-06-26 05:13:47,CANCELLED,EAST
351,492,08-02-2025,DELIVERED,WEST
352,237,2023-10-08 07:15:17,CANCELLED,EAST
353,22,2024-09-10 21:18:24,RETURNED,WEST
354,406,2023-01-06 05:36:28,CANCELLED,NORTH
355,458,2024-08-12 15:11:17,SHIPPED,NORTH
356,142,2025-10-06 02:25:45,DELIVERED,WEST
357,445,2024-06-12 22:51:52,PLACED,EAST
358,295,2023-02-05 09:26:58,PLACED,SOUTH
359,450,2023-10-05 13:00:43,DELIVERED,EAST
360,467,2024-12-30 01:46:25,RETURNED,NORTH
361,393,2024-01-11 03:26:27,SHIPPED,EAST
362,424,2024-09-08 09:53:00,DELIVERED,NORTH
363,181,2023-10-22 00:28:10,DELIVERED,EAST
364,211,2024-11-27 05:56:08,SHIPPED,SOUTH
365,408,2025-12-12 19:22:22,PLACED,WEST
366,40,2023-08-27 04:46:40,CANCELLED,EAST
367,186,2023-10-12 16:05:25,RETURNED,EAST
368,156,2023-02-28 04:19:04,SHIPPED,SOUTH
369,108,2023-09-24 02:51:42,PLACED,NORTH
370,,18-09-2025,PLACED,NORTH
371,263,2023-05-02 17:04:43,DELIVERED,NORTH
372,342,2023-01-22 03:30:48,RETURNED,SOUTH
373,103,14-01-2024,SHIPPED,EAST
374,179,2024-12-22 05:50:44,RETURNED,SOUTH
375,35,2023-07-22 21:02:57,RETURNED,SOUTH
376,494,2024-07-31 06:15:14,RETURNED,NORTH
377,51,2024-03-14 18:21:25,CANCELLED,EAST
378,95,2025-06-19 03:54:27,DELIVERED,WEST
379,264,2024-04-11 14:50:22,DELIVERED,NORTH
380,267,2023-10-06 18:03:07,DELIVERED,NORTH
381,253,2023-08-25 14:00:34,RETURNED,EAST
382,431,2025-06-28 08:13:25,DELIVERED,WEST
383,36,2025-09-01 13:22:41,CANCELLED,NORTH
384,268,2023-06-24 04:20:26,CANCELLED,NORTH
385,457,2023-12-12 02:21:21,SHIPPED,EAST
386,433,2025-04-07 04:28:10,CANCELLED,WEST
387,366,2024-07-13 23:26:28,DELIVERED,WEST
388,487,2025-04-08 17:38:28,SHIPPED,WEST
389,129,2025-09-29 18:06:18,SHIPPED,NORTH
390,28,2023-05-20 18:08:11,SHIPPED,WEST
391,168,2023-11-09 11:01:22,PLACED,NORTH
392,267,2025-10-05 16:58:02,CANCELLED,WEST
393,278,2024-12-04 19:40:48,PLACED,WEST
394,61,2025-02-24 16:23:17,CANCELLED,WEST
395,17,2023-12-29 20:16:03,DELIVERED,SOUTH
396,69,2024-10-01 14:09:57,PLACED,WEST
397,351,2025-08-20 17:19:38,SHIPPED,NORTH
398,254,2025-02-12 22:27:43,DELIVERED,EAST
399,303,2023-04-03 04:40:03,DELIVERED,NORTH
400,321,29-11-2024,DELIVERED,EAST
401,29,2024-05-15 09:00:55,DELIVERED,NORTH
402,34,2024-09-16 04:10:03,PLACED,EAST
403,,2025-05-15 20:40:55,CANCELLED,EAST
404,,19-08-2025,DELIVERED,WEST
405,166,2023-07-20 17:46:50,SHIPPED,EAST
406,416,2024-11-26 06:04:00,DELIVERED,WEST
407,326,2023-06-04 19:30:32,DELIVERED,NORTH
408,294,2025-04-03 08:13:27,PLACED,NORTH
409,140,2023-05-18 20:37:22,CANCELLED,WEST
410,408,2023-06-07 23:43:18,RETURNED,EAST
411,277,2024-10-03 07:17:04,DELIVERED,WEST
412,281,2024-01-05 00:40:38,RETURNED,SOUTH
413,110,2025-08-15 09:45:18,RETURNED,WEST
414,373,2023-05-03 19:00:54,CANCELLED,SOUTH
415,383,2024-09-06 15:51:07,PLACED,SOUTH
416,137,2024-08-10 23:31:18,RETURNED,SOUTH
417,59,04-11-2023,DELIVERED,WEST
418,224,2025-05-14 23:33:13,SHIPPED,SOUTH
419,15,2024-06-13 10:06:48,SHIPPED,NORTH
420,249,2023-02-10 02:00:51,PLACED,EAST
421,444,2023-05-11 14:49:07,PLACED,WEST
422,371,2023-10-15 08:35:38,RETURNED,NORTH
423,425,2025-12-11 09:10:04,PLACED,SOUTH
424,396,2024-10-03 11:59:20,CANCELLED,SOUTH
425,112,2023-10-23 03:53:20,DELIVERED,WEST
426,442,2023-04-25 17:51:12,PLACED,EAST
427,244,2024-05-19 10:06:43,SHIPPED,EAST
428,189,2024-09-23 00:46:02,RETURNED,NORTH
429,340,2023-04-22 08:43:34,CANCELLED,EAST
430,359,2025-01-13 04:26:37,SHIPPED,WEST
431,466,2025-03-15 09:18:13,SHIPPED,EAST
432,456,2023-11-25 15:58:40,CANCELLED,NORTH
433,42,2025-10-03 17:09:06,DELIVERED,WEST
434,420,2023-07-25 05:50:16,RETURNED,NORTH
435,309,2024-10-31 16:30:09,PLACED,SOUTH
436,406,2023-10-06 00:06:43,DELIVERED,EAST
437,57,2023-11-20 09:05:16,SHIPPED,WEST
438,164,2025-07-13 17:25:00,SHIPPED,EAST
439,304,2024-11-01 10:15:35,CANCELLED,EAST
440,449,2025-02-11 20:46:02,PLACED,SOUTH
441,499,2025-08-05 07:13:07,SHIPPED,NORTH
442,220,16-06-2024,DELIVERED,SOUTH
443,61,2023-01-29 19:08:42,CANCELLED,WEST
444,366,2024-02-21 06:56:15,DELIVERED,EAST
445,196,2023-09-24 15:42:12,RETURNED,SOUTH
446,145,2024-01-23 15:13:51,SHIPPED,NORTH
447,135,2024-04-27 22:29:20,SHIPPED,EAST
448,332,27-07-2025,SHIPPED,EAST
449,204,2024-03-10 13:57:45,RETURNED,EAST
450,286,2023-05-01 01:53:50,SHIPPED,WEST
451,311,2023-04-04 00:11:42,RETURNED,WEST
452,203,2025-01-29 04:48:52,RETURNED,NORTH
453,134,2023-12-14 18:20:27,DELIVERED,WEST
454,163,2025-12-22 15:45:44,PLACED,EAST
455,,2023-09-19 18:10:32,DELIVERED,EAST
456,145,2024-06-23 22:18:58,DELIVERED,EAST
457,85,2024-10-08 17:53:12,SHIPPED,WEST
458,77,2023-04-22 08:22:08,CANCELLED,EAST
459,240,2025-06-12 04:13:27,CANCELLED,NORTH
460,364,2025-09-20 16:39:59,SHIPPED,NORTH
461,105,2024-08-04 06:34:38,RETURNED,EAST
462,340,2024-03-10 21:14:46,PLACED,SOUTH
463,40,2024-05-19 18:08:08,DELIVERED,NORTH
464,349,2023-09-07 14:21:04,PLACED,EAST
465,42,2025-07-31 17:28:15,DELIVERED,NORTH
466,23,2025-07-16 11:49:47,RETURNED,SOUTH
467,25,2024-08-02 11:45:58,PLACED,WEST
468,131,2023-12-31 08:44:27,CANCELLED,NORTH
469,,2024-03-02 05:55:56,CANCELLED,EAST
470,489,2023-11-12 04:23:27,CANCELLED,EAST
471,309,2023-09-26 13:04:20,DELIVERED,SOUTH
472,454,2025-03-05 17:20:47,RETURNED,WEST
473,217,2025-01-24 22:21:00,CANCELLED,NORTH
474,,2024-11-30 16:52:35,SHIPPED,WEST
475,332,2025-12-10 03:03:26,CANCELLED,NORTH
476,245,2024-09-07 05:24:38,DELIVERED,SOUTH
477,152,08-04-2023,PLACED,NORTH
478,212,2023-07-13 16:55:03,RETURNED,EAST
479,300,17-06-2023,CANCELLED,SOUTH
480,432,15-03-2025,DELIVERED,EAST
481,233,2025-07-10 22:42:44,DELIVERED,SOUTH
482,41,2024-06-15 03:52:16,PLACED,NORTH
483,7,2023-12-18 23:52:37,CANCELLED,WEST
484,417,2025-01-08 14:22:53,PLACED,SOUTH
485,98,2023-08-18 00:34:42,SHIPPED,NORTH
486,333,2023-10-25 23:39:22,RETURNED,SOUTH
487,395,2025-08-07 05:23:40,PLACED,NORTH
488,79,2025-06-30 17:39:36,CANCELLED,SOUTH
489,292,2025-03-13 01:51:14,PLACED,WEST
490,435,2025-10-12 21:04:06,RETURNED,EAST
491,,2025-03-29 17:41:54,RETURNED,WEST
492,32,2025-12-17 00:41:32,DELIVERED,NORTH
493,332,2025-05-04 17:14:01,RETURNED,EAST
494,224,2023-02-12 05:52:26,SHIPPED,WEST
495,119,2025-11-05 07:59:56,DELIVERED,WEST
496,151,2025-03-10 15:10:38,DELIVERED,WEST
497,433,2023-11-28 22:38:26,PLACED,WEST
498,103,2023-11-17 22:03:16,CANCELLED,WEST
499,108,2023-04-07 00:39:36,DELIVERED,EAST
500,90,2025-10-28 01:09:50,DELIVERED,WEST
